{"class_name": "Sequential", "config": [{"class_name": "BatchNormalization", "config": {"name": "batchnormalization_1", "epsilon": 1e-06, "trainable": true, "mode": 0, "input_dtype": "float32", "batch_input_shape": [null, 20, 200], "momentum": 0.9, "axis": -1}}, {"class_name": "Convolution1D", "config": {"batch_input_shape": [null, 20, 200], "W_constraint": null, "b_constraint": null, "name": "convolution1d_1", "activity_regularizer": null, "trainable": true, "filter_length": 3, "init": "he_normal", "bias": true, "nb_filter": 2048, "input_dtype": "float32", "subsample_length": 1, "border_mode": "valid", "input_dim": null, "b_regularizer": null, "W_regularizer": null, "activation": "relu", "input_length": null}}, {"class_name": "MaxPooling1D", "config": {"stride": 2, "pool_length": 2, "trainable": true, "name": "maxpooling1d_1", "border_mode": "valid"}}, {"class_name": "Dropout", "config": {"p": 0.5, "trainable": true, "name": "dropout_1"}}, {"class_name": "LSTM", "config": {"U_regularizer": null, "name": "lstm_1", "inner_activation": "hard_sigmoid", "go_backwards": false, "activation": "tanh", "trainable": true, "unroll": false, "consume_less": "cpu", "stateful": false, "init": "glorot_uniform", "inner_init": "orthogonal", "dropout_U": 0.0, "dropout_W": 0.0, "input_dim": 2048, "return_sequences": false, "b_regularizer": null, "W_regularizer": null, "output_dim": 1024, "forget_bias_init": "one", "input_length": null}}, {"class_name": "Dropout", "config": {"p": 0.5, "trainable": true, "name": "dropout_2"}}, {"class_name": "Dense", "config": {"W_constraint": null, "b_constraint": null, "name": "dense_1", "activity_regularizer": null, "trainable": true, "init": "glorot_uniform", "bias": true, "input_dim": null, "b_regularizer": null, "W_regularizer": null, "activation": "linear", "output_dim": 256}}, {"class_name": "BatchNormalization", "config": {"name": "batchnormalization_2", "epsilon": 1e-06, "trainable": true, "mode": 0, "momentum": 0.9, "axis": -1}}, {"class_name": "Activation", "config": {"activation": "relu", "trainable": true, "name": "activation_1"}}, {"class_name": "Dropout", "config": {"p": 0.5, "trainable": true, "name": "dropout_3"}}, {"class_name": "Dense", "config": {"W_constraint": null, "b_constraint": null, "name": "dense_2", "activity_regularizer": null, "trainable": true, "init": "glorot_uniform", "bias": true, "input_dim": null, "b_regularizer": null, "W_regularizer": null, "activation": "linear", "output_dim": 37}}, {"class_name": "Activation", "config": {"activation": "softmax", "trainable": true, "name": "activation_2"}}]}