{
    "job": {
        "content": [
            {
                "reader": {
                    "name": "odpsreader",
                    "parameter": {
                        "accessId": "LTAIcur3le09GAls",
                        "accessKey": "Un2fANB3V4dNEOt3G9N1tqDsksms7Z",
                        "column": [
                            "tm",
                            "appname",
                            "recoid",
                            "itemid",
                            "itemtype",
                            "cid",
                            "pos",
                            "num",
                            "pull",
                            "userid",
                            "click",
                            "share_count",
                            "cmt",
                            "fav",
                            "strategy",
                            "source",
                            "title",
                            "category",
                            "pubtime",
                            "lrscore",
                            "fmscore",
                            "optype",
                            "delivtype",
                            "opmark",
                            "ua",
                            "cookie",
                            "fr",
                            "ve",
                            "city",
                            "prov",
                            "imei",
                            "mac",
                            "utdid",
                            "nt",
                            "rhc",
                            "ctm",
                            "auto",
                            "disagree",
                            "agree",
                            "dislike",
                            "isold",
                            "sv",
                            "ip",
                            "gi",
                            "special_id",
                            "videoclick",
                            "orgsource",
                            "opstype",
                            "mapstrategy",
                            "like_count",
                            "is_wemedia",
                            "oparea",
                            "sim_pid",
                            "progress",
                            "reco_score",
                            "show_num",
                            "click_num",
                            "dis_like_content",
                            "zzd_from",
                            "raw_tags",
                            "user_ua",
                            "gray_tag",
                            "mab_type",
                            "fac_score",
                            "vv_info"
                        ],
                        "odpsServer": "http://service-corp.odps.aliyun-inc.com/api",
                        "partition": [
                            "ds=20170731",
                            "ds=20170730",
                            "ds=20170729",
                            "ds=20170728",
                            "ds=20170727",
                            "ds=20170726",
                            "ds=20170725"
                        ],
                        "project": "tdalg_dev",
                        "splitMode": "record",
                        "table": "ads_up_intern_merge_log_d"
                    }
                },
                "writer": {
                    "name": "txtfilewriter",
                    "parameter": {
                        "dateFormat": "yyyy-MM-dd",
                        "fieldDelimiter": "\t",
                        "fileName": "merge_log.txt",
                        "path": "/data/raw/",
                        "writeMode": "nonConflict"
                    }
                }
            }
        ],
        "setting": {
            "speed": {
                "channel": 9
            }
        }
    }
}
