<assembly>
    <id>bin</id>
    <formats>
        <format>tar.gz</format>
    </formats>
    <fileSets>
        <fileSet>
            <directory>target</directory>
            <outputDirectory>lib</outputDirectory>
            <includes>
                <include>up-storm.jar</include>
            </includes>
        </fileSet>
        <fileSet>
            <directory>src/scripts</directory>
            <outputDirectory>bin</outputDirectory>
            <includes>
                <include>*.sh</include>
            </includes>
        </fileSet>
    </fileSets>
</assembly>